id,code,img,title,album,cnt,regDate,modDate
19807,R&B/Soul,https://cdnimg.melon.co.kr/cm/album/images/000/02/393/2393_500.jpg/melon/resize/120/quality/80/optimize,벌써일년,BrownEyes,96185,2026-03-04T17:30:44.000Z,2026-03-04T17:30:44.000Z
72689,트로트,https://cdnimg.melon.co.kr/cm/album/images/000/04/899/4899_500.jpg/melon/resize/120/quality/80/optimize,바람의노래,조용필16집,26214,2026-03-04T12:28:38.000Z,2026-03-04T12:28:38.000Z
418168,GN0100,https://cdnimg.melon.co.kr/cm/album/images/000/28/985/28985_500.jpg/melon/resize/120/quality/80/optimize,희재,국화꽃향기OST,183704,2026-03-04T11:08:29.000Z,2026-03-04T13:01:49.000Z
418598,R&B/Soul,https://cdnimg.melon.co.kr/cm/album/images/000/26/396/26396_500.jpg/melon/resize/120/quality/80/optimize,친구라도될걸그랬어,LikeThem,90116,2026-03-04T17:30:44.000Z,2026-03-04T17:30:44.000Z
420534,R&B/Soul,https://cdnimg.melon.co.kr/cm/album/images/000/27/516/27516_500.jpg/melon/resize/120/quality/80/optimize,체념,LikeTheBible,86343,2026-03-04T17:30:44.000Z,2026-03-04T17:30:44.000Z
519620,R&B/Soul,https://cdnimg.melon.co.kr/cm/album/images/000/34/289/34289_500.jpg/melon/resize/120/quality/80/optimize,...사랑했잖아...,CanUSeeTheBright,123606,2026-03-04T17:30:44.000Z,2026-03-04T17:30:44.000Z
522852,랩/힙합,https://cdnimg.melon.co.kr/cm/album/images/000/34/486/34486_500.jpg/melon/resize/120/quality/80/optimize,너에게쓰는편지(Feat.린),180Degree,94721,2026-03-04T11:05:16.000Z,2026-03-04T17:42:23.000Z
531840,랩/힙합,https://cdnimg.melon.co.kr/cm/album/images/000/35/102/35102_500.jpg/melon/resize/120/quality/80/optimize,Y(PleaseTellMeWhy),Freestyle3,129013,2026-03-04T11:05:16.000Z,2026-03-04T17:42:23.000Z
665226,R&B/Soul,https://cdnimg.melon.co.kr/cm/album/images/000/47/037/47037_500.jpg/melon/resize/120/quality/80/optimize,귀로,BackToTheSoulFlight,95344,2026-03-04T17:30:44.000Z,2026-03-04T17:30:44.000Z
844269,트로트,https://cdnimg.melon.co.kr/cm/album/images/003/02/749/302749_500.jpg/melon/resize/120/quality/80/optimize,사랑아,짠짜라,17682,2026-03-04T12:28:38.000Z,2026-03-04T12:28:38.000Z
1121123,GN0100,https://cdnimg.melon.co.kr/cm/album/images/003/14/795/314795_500.jpg/melon/resize/120/quality/80/optimize,사랑은봄비처럼...이별은겨울비처럼...,AllThatLove,59360,2026-03-04T11:08:29.000Z,2026-03-04T13:01:49.000Z
1489805,R&B/Soul,https://cdnimg.melon.co.kr/cm/album/images/003/31/377/331377_500.jpg/melon/resize/120/quality/80/optimize,MustHaveLove,SG워너비&브라운아이드걸스싱글,91725,2026-03-04T17:30:44.000Z,2026-03-04T17:30:44.000Z
1556553,랩/힙합,https://cdnimg.melon.co.kr/cm/album/images/003/42/967/342967_500.jpg/melon/resize/120/quality/80/optimize,LoveLoveLove(Feat.YoongJinOfCasker),RemappingTheHumanSoul,113598,2026-03-04T11:05:16.000Z,2026-03-04T17:52:14.000Z
1637914,랩/힙합,https://cdnimg.melon.co.kr/cm/album/images/003/51/473/351473_500.jpg/melon/resize/120/quality/80/optimize,Ballerino,BlackSun,117921,2026-03-04T11:05:16.000Z,2026-03-04T17:42:23.000Z
1698598,랩/힙합,https://cdnimg.melon.co.kr/cm/album/images/003/55/853/355853_500.jpg/melon/resize/120/quality/80/optimize,거짓말,Always,129900,2026-03-04T11:05:16.000Z,2026-03-04T17:42:23.000Z
1765767,랩/힙합,https://cdnimg.melon.co.kr/cm/album/images/003/60/994/360994_500.jpg/melon/resize/120/quality/80/optimize,마지막인사,HotIssue,77480,2026-03-04T17:42:23.000Z,2026-03-04T17:42:23.000Z
1850253,랩/힙합,https://cdnimg.melon.co.kr/cm/album/images/003/76/100/376100_500.jpg/melon/resize/120/quality/80/optimize,우산(Feat.윤하),"Pieces,PartOne",149413,2026-03-04T11:05:16.000Z,2026-03-04T17:42:23.000Z
1913501,랩/힙합,https://cdnimg.melon.co.kr/cm/album/images/003/92/870/392870_500.jpg/melon/resize/120/quality/80/optimize,하루하루,StandUp(2008빅뱅3rdMiniAlbum),135419,2026-03-04T11:05:16.000Z,2026-03-04T17:52:14.000Z
2312253,랩/힙합,https://cdnimg.melon.co.kr/cm/album/images/006/82/952/682952_500.jpg/melon/resize/120/quality/80/optimize,"헤어지지못하는여자,떠나가지못하는남자(Feat.정인)",Hexagonal,140021,2026-03-04T11:05:16.000Z,2026-03-04T17:42:23.000Z
2314377,랩/힙합,https://cdnimg.melon.co.kr/cm/album/images/006/84/955/684955_500.jpg/melon/resize/120/quality/80/optimize,죽일놈(Guilty),BandOfDynamicBrothers,177575,2026-03-04T11:05:16.000Z,2026-03-04T17:52:14.000Z
2710613,트로트,https://cdnimg.melon.co.kr/cm/album/images/009/16/260/916260_500.jpg/melon/resize/120/quality/80/optimize,초혼,올래,40953,2026-03-04T12:28:38.000Z,2026-03-04T12:28:38.000Z
2733249,랩/힙합,https://cdnimg.melon.co.kr/cm/album/images/009/35/651/935651_500.jpg/melon/resize/120/quality/80/optimize,죽을만큼아파서(Feat.멜로우),블루브랜드TraumaPart2,125763,2026-03-04T11:05:16.000Z,2026-03-04T17:42:23.000Z
2951700,랩/힙합,https://cdnimg.melon.co.kr/cm/album/images/010/30/195/1030195_500.jpg/melon/resize/120/quality/80/optimize,그땐그땐그땐,AmesRoom,110479,2026-03-04T11:05:16.000Z,2026-03-04T17:52:14.000Z
3170749,랩/힙합,https://cdnimg.melon.co.kr/cm/album/images/011/96/552/1196552_500.jpg/melon/resize/120/quality/80/optimize,OfficiallyMissingYou,OfficiallyMissingYou,216538,2026-03-04T11:05:16.000Z,2026-03-04T17:52:14.000Z
3726617,랩/힙합,https://cdnimg.melon.co.kr/cm/album/images/020/89/047/2089047_500.jpg/melon/resize/120/quality/80/optimize,자니(Feat.DynamicDuo),자니,209947,2026-03-04T11:05:16.000Z,2026-03-04T17:42:23.000Z
3853980,랩/힙합,https://cdnimg.melon.co.kr/cm/album/images/021/37/275/2137275_500.jpg/melon/resize/120/quality/80/optimize,어땠을까(Feat.박정현),싸이6甲Part.1,186966,2026-03-04T11:05:16.000Z,2026-03-04T17:52:14.000Z
3896698,트로트,https://cdnimg.melon.co.kr/cm/album/images/021/49/029/2149029_500.jpg/melon/resize/120/quality/80/optimize,안동역에서,"님의사랑,안동역에서",17027,2026-03-04T12:28:38.000Z,2026-03-04T12:28:38.000Z
3910821,R&B/Soul,https://cdnimg.melon.co.kr/cm/album/images/021/50/856/2150856_500.jpg/melon/resize/120/quality/80/optimize,바람기억,PrincipleOfMySoul,208265,2026-03-04T17:30:44.000Z,2026-03-04T17:30:44.000Z
4182990,트로트,https://cdnimg.melon.co.kr/cm/album/images/021/93/965/2193965_500.jpg/melon/resize/120/quality/80/optimize,아모르파티,아모르파티,70847,2026-03-04T12:28:38.000Z,2026-03-04T12:28:38.000Z
4205993,R&B/Soul,https://cdnimg.melon.co.kr/cm/album/images/021/96/906/2196906_500.jpg/melon/resize/120/quality/80/optimize,갖고놀래(Feat.다이나믹듀오),갖고놀래,129107,2026-03-04T17:30:44.000Z,2026-03-04T17:30:44.000Z
4232200,랩/힙합,https://cdnimg.melon.co.kr/cm/album/images/021/99/192/2199192_500.jpg/melon/resize/120/quality/80/optimize,삐딱하게(Crooked),"쿠데타(COUPD\"ETAT)",201443,2026-03-04T11:05:16.000Z,2026-03-04T17:42:23.000Z
4275834,트로트,https://cdnimg.melon.co.kr/cm/album/images/022/10/535/2210535_500.jpg/melon/resize/120/quality/80/optimize,사랑찾아인생찾아,왕가네식구들OSTPart.1,20262,2026-03-04T12:28:38.000Z,2026-03-04T12:28:38.000Z
4352438,GN0100,https://cdnimg.melon.co.kr/cm/album/images/022/19/671/2219671_500.jpg/melon/resize/120/quality/80/optimize,첫눈,겨울스페셜앨범'12월의기적(MiraclesInDecember)',323462,2026-03-04T11:08:29.000Z,2026-03-04T11:08:29.000Z
4433490,R&B/Soul,https://cdnimg.melon.co.kr/cm/album/images/022/30/890/2230890_500.jpg/melon/resize/120/quality/80/optimize,썸(Feat.릴보이Of긱스),썸,178101,2026-03-04T17:30:44.000Z,2026-03-04T17:30:44.000Z
4446485,GN0100,https://cdnimg.melon.co.kr/cm/album/images/022/32/505/2232505_500.jpg/melon/resize/120/quality/80/optimize,너의모든순간,별에서온그대OSTPart.7,318976,2026-03-04T11:08:29.000Z,2026-03-04T13:01:49.000Z
4594680,R&B/Soul,https://cdnimg.melon.co.kr/cm/album/images/022/50/420/2250420_500.jpg/melon/resize/120/quality/80/optimize,요즘바쁜가봐,SoulMate(소울메이트),77341,2026-03-04T17:30:44.000Z,2026-03-04T17:30:44.000Z
5450271,트로트,https://cdnimg.melon.co.kr/cm/album/images/022/89/464/2289464_500.jpg/melon/resize/120/quality/80/optimize,산다는건(CheerUp),인생노트(LIFENOTE),46405,2026-03-04T12:28:38.000Z,2026-03-04T12:28:38.000Z
5650996,랩/힙합,https://cdnimg.melon.co.kr/cm/album/images/023/12/287/2312287_500.jpg/melon/resize/120/quality/80/optimize,우연히봄,냄새를보는소녀OSTPart.2,181382,2026-03-04T11:05:16.000Z,2026-03-04T17:42:23.000Z
5716847,트로트,https://cdnimg.melon.co.kr/cm/album/images/023/21/181/2321181_500.jpg/melon/resize/120/quality/80/optimize,보릿고개,진성(안동역에서),13082,2026-03-04T12:28:38.000Z,2026-03-04T12:28:38.000Z
8005879,R&B/Soul,https://cdnimg.melon.co.kr/cm/album/images/026/60/715/2660715_500.jpg/melon/resize/120/quality/80/optimize,Dream(Prod.by박근태),Dream,217321,2026-03-04T17:30:44.000Z,2026-03-04T17:30:44.000Z
8026677,R&B/Soul,https://cdnimg.melon.co.kr/cm/album/images/026/63/424/2663424_500.jpg/melon/resize/120/quality/80/optimize,잊어버리지마(Feat.태연),잊어버리지마,206759,2026-03-04T17:30:44.000Z,2026-03-04T17:30:44.000Z
8086947,R&B/Soul,https://cdnimg.melon.co.kr/cm/album/images/026/71/866/2671866_500.jpg/melon/resize/120/quality/80/optimize,한숨,SEOULITE,282919,2026-03-04T17:30:44.000Z,2026-03-04T17:30:44.000Z
8109412,R&B/Soul,https://cdnimg.melon.co.kr/cm/album/images/026/74/623/2674623_500.jpg/melon/resize/120/quality/80/optimize,D(halfmoon)(Feat.개코),130Mood:TRBL,258219,2026-03-04T17:30:44.000Z,2026-03-04T17:30:44.000Z
8233373,R&B/Soul,https://cdnimg.melon.co.kr/cm/album/images/026/92/170/2692170_500.jpg/melon/resize/120/quality/80/optimize,Byebyemyblue,Byebyemyblue,267508,2026-03-04T17:30:44.000Z,2026-03-04T17:30:44.000Z
8271355,랩/힙합,https://cdnimg.melon.co.kr/cm/album/images/026/88/360/2688360_500.jpg/melon/resize/120/quality/80/optimize,"AndJuly(Feat.DEAN,DJFriz)",AndJuly,207073,2026-03-04T11:05:16.000Z,2026-03-04T17:42:23.000Z
30049271,R&B/Soul,https://cdnimg.melon.co.kr/cm/album/images/100/08/163/10008163_500.jpg/melon/resize/120/quality/80/optimize,"AllIWannaDo(K)(Feat.Hoody,Loco)",EVERYTHINGYOUWANTED,246695,2026-03-04T17:30:44.000Z,2026-03-04T17:30:44.000Z
30157753,R&B/Soul,https://cdnimg.melon.co.kr/cm/album/images/100/24/106/10024106_500.jpg/melon/resize/120/quality/80/optimize,Beautiful,도깨비OSTPart4,237944,2026-03-04T17:30:44.000Z,2026-03-04T17:30:44.000Z
30177124,트로트,https://cdnimg.melon.co.kr/cm/album/images/100/27/181/10027181_500.jpg/melon/resize/120/quality/80/optimize,내이름아시죠,장민호1집드라마,14953,2026-03-04T12:28:38.000Z,2026-03-04T12:28:38.000Z
30244931,랩/힙합,https://cdnimg.melon.co.kr/cm/album/images/100/37/969/10037969_500.jpg/melon/resize/120/quality/80/optimize,봄날,YOUNEVERWALKALONE,507577,2026-03-04T11:05:16.000Z,2026-03-04T17:52:14.000Z
30461396,R&B/Soul,https://cdnimg.melon.co.kr/cm/album/images/100/69/644/10069644_500.jpg/melon/resize/120/quality/80/optimize,"무제(無題)(Untitled,2014)",권지용,324623,2026-03-04T17:30:44.000Z,2026-03-04T17:30:44.000Z
30492279,R&B/Soul,https://cdnimg.melon.co.kr/cm/album/images/100/74/454/10074454_500.jpg/melon/resize/120/quality/80/optimize,비도오고그래서(Feat.신용재),///(너먹구름비),307150,2026-03-04T17:30:44.000Z,2026-03-04T17:30:44.000Z
30607447,트로트,https://cdnimg.melon.co.kr/cm/album/images/100/92/319/10092319_500.jpg/melon/resize/120/quality/80/optimize,고맙소,고맙소,14465,2026-03-04T12:28:38.000Z,2026-03-04T12:28:38.000Z
30613202,랩/힙합,https://cdnimg.melon.co.kr/cm/album/images/100/93/389/10093389_500.jpg/melon/resize/120/quality/80/optimize,시차(WeAre)(Feat.로꼬&GRAY),시차(WeAre),357377,2026-03-04T11:05:16.000Z,2026-03-04T17:42:23.000Z
30660283,랩/힙합,https://cdnimg.melon.co.kr/cm/album/images/101/00/658/10100658_500.jpg/melon/resize/120/quality/80/optimize,Jasmine,Jasmine,202470,2026-03-04T11:05:16.000Z,2026-03-04T17:42:23.000Z
30732377,R&B/Soul,https://cdnimg.melon.co.kr/cm/album/images/101/11/920/10111920_500.jpg/melon/resize/120/quality/80/optimize,Boat,Boat,228977,2026-03-04T17:30:44.000Z,2026-03-04T17:30:44.000Z
30806580,R&B/Soul,https://cdnimg.melon.co.kr/cm/album/images/101/22/929/10122929_500.jpg/melon/resize/120/quality/80/optimize,instagram,instagram,299311,2026-03-04T17:30:44.000Z,2026-03-04T17:30:44.000Z
30809895,R&B/Soul,https://cdnimg.melon.co.kr/cm/album/images/101/23/639/10123639_500.jpg/melon/resize/120/quality/80/optimize,미안해,inside,215592,2026-03-04T17:30:44.000Z,2026-03-04T17:30:44.000Z
30877002,GN0100,https://cdnimg.melon.co.kr/cm/album/images/101/36/251/10136251_500.jpg/melon/resize/120/quality/80/optimize,눈사람,그리고봄,307903,2026-03-04T11:08:29.000Z,2026-03-04T13:01:49.000Z
30948698,R&B/Soul,https://cdnimg.melon.co.kr/cm/album/images/101/47/314/10147314_500.jpg/melon/resize/120/quality/80/optimize,꽃길,꽃길,252858,2026-03-04T17:30:44.000Z,2026-03-04T17:30:44.000Z
30962526,GN0100,https://cdnimg.melon.co.kr/cm/album/images/101/49/492/10149492_500.jpg/melon/resize/120/quality/80/optimize,"모든날,모든순간(Everyday,EveryMoment)",'키스먼저할까요?'OSTPart.3,438425,2026-03-04T11:08:29.000Z,2026-03-04T13:01:49.000Z
31249401,R&B/Soul,https://cdnimg.melon.co.kr/cm/album/images/101/94/744/10194744_500.jpg/melon/resize/120/quality/80/optimize,josee!,josee!,81096,2026-03-04T17:30:44.000Z,2026-03-04T17:30:44.000Z
31295312,랩/힙합,https://cdnimg.melon.co.kr/cm/album/images/102/02/362/10202362_500.jpg/melon/resize/120/quality/80/optimize,Trip(Feat.Hannah),Trip,176407,2026-03-04T11:05:16.000Z,2026-03-04T11:05:16.000Z
31344113,랩/힙합,https://cdnimg.melon.co.kr/cm/album/images/102/10/198/10210198_500.jpg/melon/resize/120/quality/80/optimize,시간이들겠지(Feat.Colde),시간이들겠지,180781,2026-03-04T11:05:16.000Z,2026-03-04T17:42:23.000Z
31368699,트로트,https://cdnimg.melon.co.kr/cm/album/images/102/14/084/10214084_500.jpg/melon/resize/120/quality/80/optimize,니가왜거기서나와(Narr.고은아),니가왜거기서나와,64647,2026-03-04T12:28:38.000Z,2026-03-04T12:28:38.000Z
31655897,트로트,https://cdnimg.melon.co.kr/cm/album/images/102/59/010/10259010_500.jpg/melon/resize/120/quality/80/optimize,오늘밤에,LotsofLove,57456,2026-03-04T12:28:38.000Z,2026-03-04T12:28:38.000Z
31657932,트로트,https://cdnimg.melon.co.kr/cm/album/images/102/59/403/10259403_500.jpg/melon/resize/120/quality/80/optimize,목포행완행열차,préparation(쁘레빠라씨용),29789,2026-03-04T12:28:38.000Z,2026-03-04T12:28:38.000Z
31657937,트로트,https://cdnimg.melon.co.kr/cm/album/images/102/59/403/10259403_500.jpg/melon/resize/120/quality/80/optimize,사랑참,préparation(쁘레빠라씨용),20636,2026-03-04T12:28:38.000Z,2026-03-04T13:14:06.000Z
31742666,GN0100,https://cdnimg.melon.co.kr/cm/album/images/102/74/611/10274611_500.jpg/melon/resize/120/quality/80/optimize,나무,나무,177989,2026-03-04T11:08:29.000Z,2026-03-04T13:01:49.000Z
31853557,R&B/Soul,https://cdnimg.melon.co.kr/cm/album/images/102/94/603/10294603_500.jpg/melon/resize/120/quality/80/optimize,오늘도빛나는너에게(ToYouMyLight)(Feat.이라온),RedMoon:ToYouMyLight,294970,2026-03-04T17:30:44.000Z,2026-03-04T17:30:44.000Z
31893681,R&B/Soul,https://cdnimg.melon.co.kr/cm/album/images/103/01/811/10301811_500.jpg/melon/resize/120/quality/80/optimize,"괜찮아도괜찮아(That\"sokay)","괜찮아도괜찮아(That\"sokay)-SMSTATION",306434,2026-03-04T17:30:44.000Z,2026-03-04T17:30:44.000Z
31918235,트로트,https://cdnimg.melon.co.kr/cm/album/images/103/05/694/10305694_500.jpg/melon/resize/120/quality/80/optimize,평행선,FirstSingle,7625,2026-03-04T12:28:38.000Z,2026-03-04T12:28:38.000Z
32061975,GN0100,https://cdnimg.melon.co.kr/cm2/album/images/103/31/947/10331947_500.jpg/melon/resize/120/quality/80/optimize,"어떻게이별까지사랑하겠어,널사랑하는거지",항해,492833,2026-03-04T11:08:29.000Z,2026-03-04T11:08:29.000Z
32145248,트로트,https://cdnimg.melon.co.kr/cm2/album/images/103/46/934/10346934_500.jpg/melon/resize/120/quality/80/optimize,서울의달,"송가인1stALBUM\"佳人\"",22031,2026-03-04T12:28:38.000Z,2026-03-04T13:14:06.000Z
32224272,랩/힙합,https://cdnimg.melon.co.kr/cm2/album/images/103/59/162/10359162_500.jpg/melon/resize/120/quality/80/optimize,METEOR,Boyhood,313087,2026-03-04T11:05:16.000Z,2026-03-04T11:05:16.000Z
32243273,R&B/Soul,https://cdnimg.melon.co.kr/cm2/album/images/103/62/776/10362776_20191210144641_500.jpg/melon/resize/120/quality/80/optimize,Square(2017),EveryletterIsentyou.,315959,2026-03-04T17:30:44.000Z,2026-03-04T17:30:44.000Z
32307439,랩/힙합,https://cdnimg.melon.co.kr/cm2/album/images/103/73/988/10373988_20200109140720_500.jpg/melon/resize/120/quality/80/optimize,NerdyLove(Feat.백예린),NerdyLove(Feat.백예린),149028,2026-03-04T17:42:23.000Z,2026-03-04T17:42:23.000Z
32323330,트로트,https://cdnimg.melon.co.kr/cm2/album/images/103/77/157/10377157_20200117113740_500.jpg/melon/resize/120/quality/80/optimize,바램,내일은미스터트롯예선곡베스트,71895,2026-03-04T12:28:38.000Z,2026-03-04T12:28:38.000Z
32323333,트로트,https://cdnimg.melon.co.kr/cm2/album/images/103/77/157/10377157_20200117113740_500.jpg/melon/resize/120/quality/80/optimize,진또배기,내일은미스터트롯예선곡베스트,47241,2026-03-04T12:28:38.000Z,2026-03-04T12:28:38.000Z
32341095,트로트,https://cdnimg.melon.co.kr/cm2/album/images/103/80/994/10380994_20200130104559_500.jpg/melon/resize/120/quality/80/optimize,막걸리한잔,내일은미스터트롯데스매치PART1,51403,2026-03-04T12:28:38.000Z,2026-03-04T12:28:38.000Z
32397381,트로트,https://cdnimg.melon.co.kr/cm2/album/images/103/91/899/10391899_20200221103027_500.jpg/melon/resize/120/quality/80/optimize,어느60대노부부이야기,내일은미스터트롯트롯에이드베스트,81444,2026-03-04T12:28:38.000Z,2026-03-04T12:28:38.000Z
32457751,트로트,https://cdnimg.melon.co.kr/cm2/album/images/104/02/513/10402513_20200313112215_500.jpg/melon/resize/120/quality/80/optimize,찐이야,내일은미스터트롯결승전베스트,69999,2026-03-04T12:28:38.000Z,2026-03-04T12:28:38.000Z
32508053,트로트,https://cdnimg.melon.co.kr/cm2/album/images/104/12/319/10412319_20200403103006_500.jpg/melon/resize/120/quality/80/optimize,이제나만믿어요,내일은미스터트롯우승자특전곡,183178,2026-03-04T12:28:38.000Z,2026-03-04T12:28:38.000Z
32626922,트로트,https://cdnimg.melon.co.kr/cm2/album/images/104/36/135/10436135_20200527160726_500.jpg/melon/resize/120/quality/80/optimize,시절인연(時節因緣),꼰대인턴OSTPart2,37391,2026-03-04T12:28:38.000Z,2026-03-04T13:14:06.000Z
32698101,랩/힙합,https://cdnimg.melon.co.kr/cm2/album/images/104/47/520/10447520_20200619123343_500.jpg/melon/resize/120/quality/80/optimize,OHAYOMYNIGHT,OHAYOMYNIGHT,244189,2026-03-04T11:05:16.000Z,2026-03-04T17:52:14.000Z
32790874,랩/힙합,https://cdnimg.melon.co.kr/cm2/album/images/104/62/855/10462855_20200717153814_500.jpg/melon/resize/120/quality/80/optimize,"Rainyday(Feat.ASHISLAND,SkinnyBrown)",Rainyday,174168,2026-03-04T11:05:16.000Z,2026-03-04T11:05:16.000Z
32866582,트로트,https://cdnimg.melon.co.kr/cm2/album/images/104/77/865/10477865_20200819145718_500.jpg/melon/resize/120/quality/80/optimize,테스형!,아홉이야기,28439,2026-03-04T12:28:38.000Z,2026-03-04T12:28:38.000Z
33070223,트로트,https://cdnimg.melon.co.kr/cm2/album/images/105/19/994/10519994_20201118144036_500.jpg/melon/resize/120/quality/80/optimize,돼지토끼,돼지토끼,28015,2026-03-04T12:28:38.000Z,2026-03-04T12:28:38.000Z
33241003,GN0100,https://cdnimg.melon.co.kr/cm2/album/images/105/54/647/10554647_20210127173809_500.jpg/melon/resize/120/quality/80/optimize,그대작은나의세상이되어,부재,75392,2026-03-04T11:08:29.000Z,2026-03-04T13:01:49.000Z
33334136,랩/힙합,https://cdnimg.melon.co.kr/cm2/album/images/105/74/149/10574149_20210305155403_500.jpg/melon/resize/120/quality/80/optimize,FLYINGHIGHWITHU,FLYINGHIGHWITHU,72581,2026-03-04T11:05:16.000Z,2026-03-04T17:52:14.000Z
33337651,트로트,https://cdnimg.melon.co.kr/cm2/album/images/105/75/005/10575005_20210309113840_500.jpg/melon/resize/120/quality/80/optimize,별빛같은나의사랑아,별빛같은나의사랑아,82592,2026-03-04T12:28:38.000Z,2026-03-04T12:28:38.000Z
33411344,GN0100,https://cdnimg.melon.co.kr/cm2/album/images/105/92/109/10592109_20210413181735_500.jpg/melon/resize/120/quality/80/optimize,봄내음보다너를,봄내음보다너를,117839,2026-03-04T11:08:29.000Z,2026-03-04T13:01:49.000Z
33496587,GN0100,https://cdnimg.melon.co.kr/cm2/album/images/106/10/525/10610525_20210518143433_500.jpg/melon/resize/120/quality/80/optimize,다정히내이름을부르면,다정히내이름을부르면(경서예지x전건호),221902,2026-03-04T11:08:29.000Z,2026-03-04T11:08:29.000Z
33503722,R&B/Soul,https://cdnimg.melon.co.kr/cm2/album/images/106/11/845/10611845_20210520170350_500.jpg/melon/resize/120/quality/80/optimize,헤픈우연,HAPPEN,211911,2026-03-04T17:30:44.000Z,2026-03-04T17:30:44.000Z
33855085,GN0100,https://cdnimg.melon.co.kr/cm2/album/images/106/92/255/10692255_20210825184324_500.jpg/melon/resize/120/quality/80/optimize,가까운듯먼그대여,가까운듯먼그대여,146890,2026-03-04T11:08:29.000Z,2026-03-04T13:01:49.000Z
33976677,R&B/Soul,https://cdnimg.melon.co.kr/cm2/album/images/107/16/174/10716174_20210916153439_500.jpg/melon/resize/120/quality/80/optimize,찰나가영원이될때(TheEternalMoment),RedMoon:BeyondTheLight,118799,2026-03-04T17:30:44.000Z,2026-03-04T17:30:44.000Z
33978183,R&B/Soul,https://cdnimg.melon.co.kr/cm2/album/images/107/16/399/10716399_20210916173429_500.jpg/melon/resize/120/quality/80/optimize,너를생각해,너를생각해,171451,2026-03-04T17:30:44.000Z,2026-03-04T17:30:44.000Z
34061322,GN0100,https://cdnimg.melon.co.kr/cm2/album/images/107/35/654/10735654_20211008114339_500.jpg/melon/resize/120/quality/80/optimize,사랑은늘도망가,신사와아가씨OSTPart.2,236531,2026-03-04T11:08:29.000Z,2026-03-04T11:08:29.000Z
34360855,GN0100,https://cdnimg.melon.co.kr/cm2/album/images/108/01/677/10801677_20211202181813_500.jpg/melon/resize/120/quality/80/optimize,눈이오잖아(Feat.헤이즈),눈이오잖아(Feat.헤이즈),171017,2026-03-04T11:08:29.000Z,2026-03-04T11:08:29.000Z
34451383,GN0100,https://cdnimg.melon.co.kr/cm2/album/images/108/21/699/10821699_20231205103724_500.jpg/melon/resize/120/quality/80/optimize,인사,인사,160907,2026-03-04T11:08:29.000Z,2026-03-04T11:08:29.000Z
34518500,R&B/Soul,https://cdnimg.melon.co.kr/cm2/album/images/108/37/317/10837317_20220110145758_500.jpg/melon/resize/120/quality/80/optimize,PolaroidLove,DIMENSION:ANSWER,133989,2026-03-04T17:30:44.000Z,2026-03-04T17:30:44.000Z
34657844,GN0100,https://cdnimg.melon.co.kr/cm2/album/images/108/71/162/10871162_20220217162422_500.jpg/melon/resize/120/quality/80/optimize,사랑인가봐,사랑인가봐(사내맞선OST스페셜트랙),234311,2026-03-04T11:08:29.000Z,2026-03-04T11:08:29.000Z
34701816,랩/힙합,https://cdnimg.melon.co.kr/cm2/album/images/108/80/569/10880569_20220225143552_500.jpg/melon/resize/120/quality/80/optimize,존재만으로,스물다섯스물하나OSTPart4,137623,2026-03-04T11:05:16.000Z,2026-03-04T17:42:23.000Z
34752757,GN0100,https://cdnimg.melon.co.kr/cm2/album/images/108/90/011/10890011_20220311131037_500.jpg/melon/resize/120/quality/80/optimize,"힙합보단사랑,사랑보단돈(Feat.베이식)",MOTNOAH,48344,2026-03-04T11:08:29.000Z,2026-03-04T11:08:29.000Z
34875621,랩/힙합,https://cdnimg.melon.co.kr/cm2/album/images/109/16/904/10916904_20220412101049_500.jpg/melon/resize/120/quality/80/optimize,LOVEme,LOVEme,169537,2026-03-04T11:05:16.000Z,2026-03-04T17:42:23.000Z
34908740,GN0100,https://cdnimg.melon.co.kr/cm2/album/images/109/23/444/10923444_20220502140600_500.jpg/melon/resize/120/quality/80/optimize,우리들의블루스,IMHERO,124960,2026-03-04T11:08:29.000Z,2026-03-04T13:01:49.000Z
34927767,R&B/Soul,https://cdnimg.melon.co.kr/cm2/album/images/109/25/762/10925762_20220419152007_500.jpg/melon/resize/120/quality/80/optimize,정이라고하자(Feat.10CM),정이라고하자,240129,2026-03-04T17:30:44.000Z,2026-03-04T17:30:44.000Z
35008524,GN0100,https://cdnimg.melon.co.kr/cm2/album/images/109/23/444/10923444_20220502140600_500.jpg/melon/resize/120/quality/80/optimize,다시만날수있을까,IMHERO,102998,2026-03-04T11:08:29.000Z,2026-03-04T11:08:29.000Z
35008530,트로트,https://cdnimg.melon.co.kr/cm2/album/images/109/23/444/10923444_20220502140600_500.jpg/melon/resize/120/quality/80/optimize,보금자리,IMHERO,58786,2026-03-04T12:28:38.000Z,2026-03-04T12:28:38.000Z
35018129,R&B/Soul,https://cdnimg.melon.co.kr/cm2/album/images/109/41/011/10941011_20220503153950_500.jpg/melon/resize/120/quality/80/optimize,Vancouver,LoveyDovey,144475,2026-03-04T17:30:44.000Z,2026-03-04T17:30:44.000Z
35299693,랩/힙합,https://cdnimg.melon.co.kr/cm2/album/images/109/84/354/10984354_20220615140704_500.jpg/melon/resize/120/quality/80/optimize,Summer(Feat.BE’O(비오)),Summer,162048,2026-03-04T11:05:16.000Z,2026-03-04T17:52:14.000Z
35454426,댄스,https://cdnimg.melon.co.kr/cm2/album/images/110/11/565/11011565_20220801102637_500.jpg/melon/resize/120/quality/80/optimize,HypeBoy,"NewJeans1stEP\"NewJeans\"",314519,2026-03-04T17:30:26.000Z,2026-03-04T17:30:26.000Z
35945927,댄스,https://cdnimg.melon.co.kr/cm2/album/images/111/27/145/11127145_20231213133532_500.jpg/melon/resize/120/quality/80/optimize,Ditto,"NewJeans\"OMG\"",310639,2026-03-04T17:30:26.000Z,2026-03-04T17:30:26.000Z
36080040,트로트,https://cdnimg.melon.co.kr/cm2/album/images/111/58/680/11158680_20230126215913_500.jpg/melon/resize/120/quality/80/optimize,떠날수없는당신,미스터트롯21:1데스매치베스트PART2,8382,2026-03-04T12:28:38.000Z,2026-03-04T12:28:38.000Z
36241810,트로트,https://cdnimg.melon.co.kr/cm2/album/images/111/94/812/11194812_20230303095926_500.jpg/melon/resize/120/quality/80/optimize,지나야,춘몽,9352,2026-03-04T12:28:38.000Z,2026-03-04T12:28:38.000Z
36263286,트로트,https://cdnimg.melon.co.kr/cm2/album/images/111/99/993/11199993_20230309152904_500.jpg/melon/resize/120/quality/80/optimize,깜빡이를키고오세요,미스터트롯2준결승전신곡미션,10455,2026-03-04T12:28:38.000Z,2026-03-04T13:14:06.000Z
36356993,댄스,https://cdnimg.melon.co.kr/cm2/album/images/112/11/297/11211297_20230410151046_500.jpg/melon/resize/120/quality/80/optimize,IAM,"I\"veIVE",237395,2026-03-04T17:30:26.000Z,2026-03-04T17:30:26.000Z
36382580,GN0100,https://cdnimg.melon.co.kr/cm2/album/images/112/27/533/11227533_20230419162238_500.jpg/melon/resize/120/quality/80/optimize,헤어지자말해요,1집Alone,192657,2026-03-04T11:08:29.000Z,2026-03-04T13:01:49.000Z
36617841,댄스,https://cdnimg.melon.co.kr/cm2/album/images/112/86/070/11286070_20230713181059_500.jpg/melon/resize/120/quality/80/optimize,Seven(feat.Latto)-CleanVer.,Seven(feat.Latto)-CleanVer.,228574,2026-03-04T17:30:26.000Z,2026-03-04T17:30:26.000Z
36695861,랩/힙합,https://cdnimg.melon.co.kr/cm2/album/images/113/04/600/11304600_20230811140259_500.jpg/melon/resize/120/quality/80/optimize,거리에서(Feat.ASHISLAND),거리에서,78058,2026-03-04T11:05:16.000Z,2026-03-04T17:42:23.000Z
36699489,GN0100,https://cdnimg.melon.co.kr/cm2/album/images/113/05/759/11305759_20230814111006_500.jpg/melon/resize/120/quality/80/optimize,그대만있다면(여름날우리X너드커넥션(NerdConnection)),그대만있다면(여름날우리X너드커넥션(NerdConnection)),168947,2026-03-04T11:08:29.000Z,2026-03-04T13:01:49.000Z
36964267,R&B/Soul,https://cdnimg.melon.co.kr/cm2/album/images/113/64/565/11364565_20231114112249_500.jpg/melon/resize/120/quality/80/optimize,미워(Ego),wonderego,48120,2026-03-04T17:30:44.000Z,2026-03-04T17:30:44.000Z
37003911,R&B/Soul,https://cdnimg.melon.co.kr/cm2/album/images/113/72/896/11372896_20231127104957_500.jpg/melon/resize/120/quality/80/optimize,To.X,To.X-The5thMiniAlbum,178896,2026-03-04T17:30:44.000Z,2026-03-04T17:30:44.000Z
37023625,GN0100,https://cdnimg.melon.co.kr/cm2/album/images/113/76/816/11376816_20231201120653_500.jpg/melon/resize/120/quality/80/optimize,비의랩소디,비의랩소디,108735,2026-03-04T11:08:29.000Z,2026-03-04T11:08:29.000Z
37069064,GN0100,https://cdnimg.melon.co.kr/cm2/album/images/113/86/568/11386568_20231218192452_500.jpg/melon/resize/120/quality/80/optimize,슬픈초대장,슬픈초대장,78060,2026-03-04T11:08:29.000Z,2026-03-04T11:08:29.000Z
37125843,R&B/Soul,https://cdnimg.melon.co.kr/cm2/album/images/114/00/015/11400015_20240116162843_500.jpg/melon/resize/120/quality/80/optimize,"YesorNo(Feat.허윤진ofLESSERAFIM,Crush)",YesorNo,61113,2026-03-04T17:30:44.000Z,2026-03-04T17:30:44.000Z
37138469,댄스,https://cdnimg.melon.co.kr/cm2/album/images/114/02/655/11402655_20240129121016_500.jpg/melon/resize/120/quality/80/optimize,나는아픈건딱질색이니까,2,175020,2026-03-04T17:30:26.000Z,2026-03-04T17:30:26.000Z
37140709,댄스,https://cdnimg.melon.co.kr/cm2/album/images/113/91/902/11391902_20250922111638_500.jpg/melon/resize/120/quality/80/optimize,첫만남은계획대로되지않아,TWS1stMiniAlbum‘SparklingBlue’,171793,2026-03-04T17:30:26.000Z,2026-03-04T17:30:26.000Z
37145732,GN0100,https://cdnimg.melon.co.kr/cm2/album/images/114/04/142/11404142_20240220141548_500.jpg/melon/resize/120/quality/80/optimize,Lovewinsall,TheWinning,220971,2026-03-04T11:08:29.000Z,2026-03-04T11:08:29.000Z
37194943,R&B/Soul,https://cdnimg.melon.co.kr/cm2/album/images/114/15/997/11415997_20240226162412_500.jpg/melon/resize/120/quality/80/optimize,밤양갱,밤양갱,152951,2026-03-04T17:30:44.000Z,2026-03-04T17:30:44.000Z
37228861,GN0100,https://cdnimg.melon.co.kr/cm2/album/images/114/21/941/11421941_20240220105008_500.jpg/melon/resize/120/quality/80/optimize,천상연,천상연(웹툰'선녀외전'X이창섭(LEECHANGSUB)),143839,2026-03-04T11:08:29.000Z,2026-03-04T13:01:49.000Z
37347911,댄스,https://cdnimg.melon.co.kr/cm2/album/images/114/50/069/11450069_20240325110702_500.jpg/melon/resize/120/quality/80/optimize,Magnetic,SUPERREALME,143729,2026-03-04T17:30:26.000Z,2026-03-04T17:40:03.000Z
37373808,R&B/Soul,https://cdnimg.melon.co.kr/cm2/album/images/114/54/802/11454802_20240401174250_500.jpg/melon/resize/120/quality/80/optimize,SHEESH,BABYMONS7ER,69193,2026-03-04T17:30:44.000Z,2026-03-04T17:30:44.000Z
37375706,GN0100,https://cdnimg.melon.co.kr/cm2/album/images/114/55/285/11455285_20240401151801_500.jpg/melon/resize/120/quality/80/optimize,청혼하지않을이유를못찾았어,청혼하지않을이유를못찾았어,70376,2026-03-04T11:08:29.000Z,2026-03-04T13:01:49.000Z
37390939,GN0100,https://cdnimg.melon.co.kr/cm2/album/images/114/59/325/11459325_20240405171054_500.jpg/melon/resize/120/quality/80/optimize,소나기,선재업고튀어OSTPart1,192902,2026-03-04T11:08:29.000Z,2026-03-04T13:01:49.000Z
37460832,랩/힙합,https://cdnimg.melon.co.kr/cm2/album/images/114/74/894/11474894_20240426103349_500.jpg/melon/resize/120/quality/80/optimize,SPOT!(feat.JENNIE),SPOT!,129923,2026-03-04T11:05:16.000Z,2026-03-04T17:52:14.000Z
37524037,댄스,https://cdnimg.melon.co.kr/cm2/album/images/114/87/023/11487023_20240527154018_500.jpg/melon/resize/120/quality/80/optimize,Supernova,Armageddon-The1stAlbum,186891,2026-03-04T17:30:26.000Z,2026-03-04T17:30:26.000Z
37563682,댄스,https://cdnimg.melon.co.kr/cm2/album/images/114/75/749/11475749_20240524105642_500.jpg/melon/resize/120/quality/80/optimize,HowSweet,HowSweet,156398,2026-03-04T17:30:26.000Z,2026-03-04T17:30:26.000Z
37657039,랩/힙합,https://cdnimg.melon.co.kr/cm2/album/images/115/17/951/11517951_20240620173412_500.jpg/melon/resize/120/quality/80/optimize,Smallgirl(feat.도경수(D.O.)),16Fantasy,170006,2026-03-04T11:05:16.000Z,2026-03-04T17:52:14.000Z
37659315,R&B/Soul,https://cdnimg.melon.co.kr/cm2/album/images/115/18/346/11518346_20240621103409_500.jpg/melon/resize/120/quality/80/optimize,내가그댈,내가그댈,30593,2026-03-04T17:30:44.000Z,2026-03-04T17:30:44.000Z
37884934,댄스,https://cdnimg.melon.co.kr/cm2/album/images/115/64/698/11564698_20240812100922_500.jpg/melon/resize/120/quality/80/optimize,Supersonic,Supersonic,91151,2026-03-04T17:30:26.000Z,2026-03-04T17:30:26.000Z
38068560,랩/힙합,https://cdnimg.melon.co.kr/cm2/album/images/116/07/747/11607747_20241015110919_500.jpg/melon/resize/120/quality/80/optimize,Igloo,LoseYourself,49573,2026-03-04T11:05:16.000Z,2026-03-04T17:42:23.000Z
38077932,댄스,https://cdnimg.melon.co.kr/cm2/album/images/116/10/170/11610170_20241008143002_500.jpg/melon/resize/120/quality/80/optimize,UP(KARINASolo),SYNK:PARALLELLINE-SpecialDigitalSingle,117696,2026-03-04T17:30:26.000Z,2026-03-04T17:30:26.000Z
38104031,GN0100,https://cdnimg.melon.co.kr/cm2/album/images/116/16/312/11616312_20241015135802_500.jpg/melon/resize/120/quality/80/optimize,내게사랑이뭐냐고물어본다면,내게사랑이뭐냐고물어본다면,93239,2026-03-04T11:08:29.000Z,2026-03-04T13:01:49.000Z
38120327,댄스,https://cdnimg.melon.co.kr/cm2/album/images/116/19/809/11619809_20241018103507_500.jpg/melon/resize/120/quality/80/optimize,APT.,APT.,220044,2026-03-04T17:30:26.000Z,2026-03-04T17:30:26.000Z
38123332,댄스,https://cdnimg.melon.co.kr/cm2/album/images/116/20/540/11620540_20241018183208_500.jpg/melon/resize/120/quality/80/optimize,Whiplash,Whiplash-The5thMiniAlbum,151337,2026-03-04T17:30:26.000Z,2026-03-04T17:30:26.000Z
38123338,GN0100,https://cdnimg.melon.co.kr/cm2/album/images/116/20/541/11620541_20241018183253_500.jpg/melon/resize/120/quality/80/optimize,나는반딧불,나는반딧불,157499,2026-03-04T11:08:29.000Z,2026-03-04T13:01:49.000Z
38161297,댄스,https://cdnimg.melon.co.kr/cm2/album/images/116/29/208/11629208_20241101103249_500.jpg/melon/resize/120/quality/80/optimize,DRIP,DRIP,72174,2026-03-04T17:30:26.000Z,2026-03-04T17:30:26.000Z
38161299,R&B/Soul,https://cdnimg.melon.co.kr/cm2/album/images/116/29/208/11629208_20241101103249_500.jpg/melon/resize/120/quality/80/optimize,ReallyLikeYou,DRIP,32691,2026-03-04T17:30:44.000Z,2026-03-04T17:30:44.000Z
38164895,랩/힙합,https://cdnimg.melon.co.kr/cm2/album/images/116/30/124/11630124_20241031100530_500.jpg/melon/resize/120/quality/80/optimize,PO￦ER,PO￦ER,163752,2026-03-04T11:05:16.000Z,2026-03-04T11:05:16.000Z
38229421,랩/힙합,https://cdnimg.melon.co.kr/cm2/album/images/116/44/819/11644819_20241119121510_500.jpg/melon/resize/120/quality/80/optimize,Skrr(feat.지젤ofaespa),Skrr(feat.지젤ofaespa),57438,2026-03-04T11:05:16.000Z,2026-03-04T17:42:23.000Z
38242510,랩/힙합,https://cdnimg.melon.co.kr/cm2/album/images/116/47/670/11647670_20241121150855_500.jpg/melon/resize/120/quality/80/optimize,"HOMESWEETHOME(feat.태양,대성)","HOMESWEETHOME(feat.태양,대성)",228631,2026-03-04T11:05:16.000Z,2026-03-04T17:42:23.000Z
38388023,R&B/Soul,https://cdnimg.melon.co.kr/cm2/album/images/116/76/806/11676806_20241223190316_500.jpg/melon/resize/120/quality/80/optimize,시작의아이,시작의아이ハジマリのコ(StartingWithYou),84107,2026-03-04T17:30:44.000Z,2026-03-04T17:30:44.000Z
38426197,댄스,https://cdnimg.melon.co.kr/cm2/album/images/116/85/070/11685070_20250106111631_500.jpg/melon/resize/120/quality/80/optimize,오늘만ILOVEYOU,오늘만ILOVEYOU,183308,2026-03-04T17:30:26.000Z,2026-03-04T17:40:03.000Z
38429074,GN0100,https://cdnimg.melon.co.kr/cm2/album/images/116/85/729/11685729_20250106160640_500.jpg/melon/resize/120/quality/80/optimize,모르시나요(PROD.로코베리),모르시나요,105085,2026-03-04T11:08:29.000Z,2026-03-04T13:01:49.000Z
38444825,댄스,https://cdnimg.melon.co.kr/cm2/album/images/116/89/783/11689783_20250203110601_500.jpg/melon/resize/120/quality/80/optimize,REBELHEART,IVEEMPATHY,118738,2026-03-04T17:30:26.000Z,2026-03-04T17:30:26.000Z
38516958,댄스,https://cdnimg.melon.co.kr/cm2/album/images/116/89/783/11689783_20250203110601_500.jpg/melon/resize/120/quality/80/optimize,ATTITUDE,IVEEMPATHY,70018,2026-03-04T17:30:26.000Z,2026-03-04T17:30:26.000Z
38560939,댄스,https://cdnimg.melon.co.kr/cm2/album/images/117/15/826/11715826_20250324115745_500.jpg/melon/resize/120/quality/80/optimize,IDOME,UNCUTGEM,68161,2026-03-04T17:30:26.000Z,2026-03-04T17:40:03.000Z
38565554,R&B/Soul,https://cdnimg.melon.co.kr/cm2/album/images/117/16/807/11716807_20250217142658_500.jpg/melon/resize/120/quality/80/optimize,춘몽,춘몽,43424,2026-03-04T17:30:44.000Z,2026-03-04T17:30:44.000Z
38583620,GN0100,https://cdnimg.melon.co.kr/cm2/album/images/117/20/961/11720961_20250221135403_500.jpg/melon/resize/120/quality/80/optimize,MYLOVE(2025),MYLOVE(2025),38359,2026-03-04T11:08:29.000Z,2026-03-04T13:01:49.000Z
38583704,댄스,https://cdnimg.melon.co.kr/cm2/album/images/117/20/981/11720981_20250221140928_500.jpg/melon/resize/120/quality/80/optimize,TheChase,TheChase,48621,2026-03-04T17:30:26.000Z,2026-03-04T17:30:26.000Z
38589554,랩/힙합,https://cdnimg.melon.co.kr/cm2/album/images/117/22/169/11722169_20250224160403_500.jpg/melon/resize/120/quality/80/optimize,TOOBAD(feat.Anderson.Paak),Übermensch,155108,2026-03-04T11:05:16.000Z,2026-03-04T17:42:23.000Z
38629386,댄스,https://cdnimg.melon.co.kr/cm2/album/images/117/30/946/11730946_20250307173452_500.jpg/melon/resize/120/quality/80/optimize,likeJENNIE,Ruby,107749,2026-03-04T17:30:26.000Z,2026-03-04T17:40:03.000Z
38635449,GN0100,https://cdnimg.melon.co.kr/cm2/album/images/117/32/247/11732247_20250313092931_500.jpg/melon/resize/120/quality/80/optimize,Flower,교회오빠,82136,2026-03-04T11:08:29.000Z,2026-03-04T13:01:49.000Z
38660167,댄스,https://cdnimg.melon.co.kr/cm2/album/images/117/38/155/11738155_20250314101906_500.jpg/melon/resize/120/quality/80/optimize,HOT,HOT,50111,2026-03-04T17:30:26.000Z,2026-03-04T17:30:26.000Z
38666852,랩/힙합,https://cdnimg.melon.co.kr/cm2/album/images/117/39/571/11739571_20250317113503_500.jpg/melon/resize/120/quality/80/optimize,"19금LOV3(Feat.BryanChase,Okasian)",K-FLIP+,23589,2026-03-04T11:05:16.000Z,2026-03-04T17:42:23.000Z
38725275,트로트,https://cdnimg.melon.co.kr/cm2/album/images/117/54/110/11754110_20250327155523_500.jpg/melon/resize/120/quality/80/optimize,금수저,미스터트롯3TOP7신곡미니앨범,5483,2026-03-04T12:28:38.000Z,2026-03-04T12:28:38.000Z
38733032,GN0100,https://cdnimg.melon.co.kr/cm2/album/images/117/56/010/11756010_20250331135525_500.jpg/melon/resize/120/quality/80/optimize,어제보다슬픈오늘,어제보다슬픈오늘,80984,2026-03-04T11:08:29.000Z,2026-03-04T13:01:49.000Z
38865745,댄스,https://cdnimg.melon.co.kr/cm2/album/images/117/89/552/11789552_20250512154752_500.jpg/melon/resize/120/quality/80/optimize,HANDSUP,MYEYESOPENVVIDE,39323,2026-03-04T17:30:26.000Z,2026-03-04T17:30:26.000Z
39051429,GN0100,https://cdnimg.melon.co.kr/cm2/album/images/118/31/781/11831781_20250526162725_500.jpg/melon/resize/120/quality/80/optimize,NeverEndingStory,꽃갈피셋,84414,2026-03-04T11:08:29.000Z,2026-03-04T13:01:49.000Z
39116012,댄스,https://cdnimg.melon.co.kr/cm2/album/images/118/47/505/11847505_20250616145148_500.jpg/melon/resize/120/quality/80/optimize,빌려온고양이(DotheDance),bomb,56516,2026-03-04T17:30:26.000Z,2026-03-04T17:30:26.000Z
39121279,댄스,https://cdnimg.melon.co.kr/cm2/album/images/118/48/758/11848758_20250627112959_500.jpg/melon/resize/120/quality/80/optimize,DirtyWork,DirtyWork,67977,2026-03-04T17:30:26.000Z,2026-03-04T17:30:26.000Z
39156202,댄스,https://cdnimg.melon.co.kr/cm2/album/images/118/57/160/11857160_20250623154620_500.jpg/melon/resize/120/quality/80/optimize,FAMOUS,FAMOUS,129958,2026-03-04T17:30:26.000Z,2026-03-04T17:40:03.000Z
39161085,댄스,https://cdnimg.melon.co.kr/cm2/album/images/118/58/555/11858555_20250618105530_500.jpg/melon/resize/120/quality/80/optimize,STYLE,STYLE,55226,2026-03-04T17:30:26.000Z,2026-03-04T17:40:03.000Z
39180051,랩/힙합,https://cdnimg.melon.co.kr/cm2/album/images/118/57/160/11857160_20250623154620_500.jpg/melon/resize/120/quality/80/optimize,WICKED,FAMOUS,58430,2026-03-04T11:05:16.000Z,2026-03-04T11:05:16.000Z
39217028,트로트,https://cdnimg.melon.co.kr/cm2/album/images/118/71/655/11871655_20250627182901_500.jpg/melon/resize/120/quality/80/optimize,녹아버려요,녹아버려요,6929,2026-03-04T12:28:38.000Z,2026-03-04T13:14:06.000Z
39298775,댄스,https://cdnimg.melon.co.kr/cm2/album/images/118/90/480/11890480_20250711095238_500.jpg/melon/resize/120/quality/80/optimize,뛰어(JUMP),뛰어(JUMP),93805,2026-03-04T17:30:26.000Z,2026-03-04T17:30:26.000Z
39307948,댄스,https://cdnimg.melon.co.kr/cm2/album/images/118/91/198/11891198_20250714145747_500.jpg/melon/resize/120/quality/80/optimize,멸종위기사랑,EROS,85038,2026-03-04T17:30:26.000Z,2026-03-04T17:30:26.000Z
39329233,트로트,https://cdnimg.melon.co.kr/cm2/album/images/119/00/833/11900833_20250716151405_500.jpg/melon/resize/120/quality/80/optimize,어제도너였고오늘도너여서,어제도너였고오늘도너여서,8413,2026-03-04T12:28:38.000Z,2026-03-04T12:28:38.000Z
39430660,GN0100,https://cdnimg.melon.co.kr/cm2/album/images/119/45/858/11945858_20250725140649_500.jpg/melon/resize/120/quality/80/optimize,운명(2025),먼키의발자국Vol.1With이이경,34802,2026-03-04T11:08:29.000Z,2026-03-04T13:01:49.000Z
39566906,R&B/Soul,https://cdnimg.melon.co.kr/cm2/album/images/120/12/550/12012550_20250807172740_500.jpg/melon/resize/120/quality/80/optimize,시작의아이❍,시작의아이❍ハジマリのコStartingWithYou:♡,67903,2026-03-04T17:30:44.000Z,2026-03-04T17:30:44.000Z
39577662,랩/힙합,https://cdnimg.melon.co.kr/cm2/album/images/120/18/296/12018296_20250908155548_500.jpg/melon/resize/120/quality/80/optimize,GO!,COLOROUTSIDETHELINES,33937,2026-03-04T11:05:16.000Z,2026-03-04T17:42:23.000Z
39693013,댄스,https://cdnimg.melon.co.kr/cm2/album/images/120/69/062/12069062_20250822173822_500.jpg/melon/resize/120/quality/80/optimize,XOXZ,IVESECRET,54384,2026-03-04T17:30:26.000Z,2026-03-04T17:30:26.000Z
39721328,GN0100,https://cdnimg.melon.co.kr/cm2/album/images/120/75/661/12075661_20250826180135_500.jpg/melon/resize/120/quality/80/optimize,한번더이별,한번더이별(첫사랑엔딩X이창섭),32101,2026-03-04T11:08:29.000Z,2026-03-04T11:08:29.000Z
39765725,랩/힙합,https://cdnimg.melon.co.kr/cm2/album/images/120/83/192/12083192_20250828155052_500.jpg/melon/resize/120/quality/80/optimize,답장을보낸지,IMHERO2,37462,2026-03-04T11:05:16.000Z,2026-03-04T17:42:23.000Z
39765727,GN0100,https://cdnimg.melon.co.kr/cm2/album/images/120/83/192/12083192_20250828155052_500.jpg/melon/resize/120/quality/80/optimize,순간을영원처럼,IMHERO2,47579,2026-03-04T11:08:29.000Z,2026-03-04T13:01:49.000Z
39765728,GN0100,https://cdnimg.melon.co.kr/cm2/album/images/120/83/192/12083192_20250828155052_500.jpg/melon/resize/120/quality/80/optimize,들꽃이될게요,IMHERO2,38212,2026-03-04T11:08:29.000Z,2026-03-04T13:01:49.000Z
39765731,댄스,https://cdnimg.melon.co.kr/cm2/album/images/120/83/192/12083192_20250828155052_500.jpg/melon/resize/120/quality/80/optimize,그댈위한멜로디,IMHERO2,38224,2026-03-04T17:30:26.000Z,2026-03-04T17:40:03.000Z
39765732,트로트,https://cdnimg.melon.co.kr/cm2/album/images/120/83/192/12083192_20250828155052_500.jpg/melon/resize/120/quality/80/optimize,돌아보지마세요,IMHERO2,34600,2026-03-04T12:28:38.000Z,2026-03-04T13:14:06.000Z
39765735,트로트,https://cdnimg.melon.co.kr/cm2/album/images/120/83/192/12083192_20250828155052_500.jpg/melon/resize/120/quality/80/optimize,우리에게안녕,IMHERO2,34023,2026-03-04T12:28:38.000Z,2026-03-04T12:28:38.000Z
600024643,댄스,https://cdnimg.melon.co.kr/cm2/album/images/120/98/784/12098784_20250904164935_500.jpg/melon/resize/120/quality/80/optimize,RichMan,RichMan-The6thMiniAlbum,51036,2026-03-04T17:30:26.000Z,2026-03-04T17:40:03.000Z
600035196,GN0100,https://cdnimg.melon.co.kr/cm2/album/images/121/00/657/12100657_20250905152409_500.jpg/melon/resize/120/quality/80/optimize,가만히눈을감고,가만히눈을감고,20763,2026-03-04T11:08:29.000Z,2026-03-04T11:08:29.000Z
600057428,댄스,https://cdnimg.melon.co.kr/cm2/album/images/121/04/397/12104397_20250908152939_500.jpg/melon/resize/120/quality/80/optimize,body,"gonnaloveme,right?",45976,2026-03-04T17:30:26.000Z,2026-03-04T17:40:03.000Z
600236102,트로트,https://cdnimg.melon.co.kr/cm2/album/images/121/47/955/12147955_20251001183351_500.jpg/melon/resize/120/quality/80/optimize,당신이야기,당신이야기,4664,2026-03-04T12:28:38.000Z,2026-03-04T12:28:38.000Z
600243411,댄스,https://cdnimg.melon.co.kr/cm2/album/images/121/49/391/12149391_20251013150421_500.jpg/melon/resize/120/quality/80/optimize,BlueValentine,BlueValentine,110751,2026-03-04T17:30:26.000Z,2026-03-04T17:40:03.000Z
600266347,랩/힙합,https://cdnimg.melon.co.kr/cm2/album/images/121/54/509/12154509_20251010104053_500.jpg/melon/resize/120/quality/80/optimize,WEGOUP,WEGOUP,14815,2026-03-04T11:05:16.000Z,2026-03-04T17:52:14.000Z
600280518,댄스,https://cdnimg.melon.co.kr/cm2/album/images/121/28/505/12128505_20251013154004_500.jpg/melon/resize/120/quality/80/optimize,OVERDRIVE,TWS4thMiniAlbum‘playhard’,38754,2026-03-04T17:30:26.000Z,2026-03-04T17:30:26.000Z
600287375,GN0100,https://cdnimg.melon.co.kr/cm2/album/images/121/60/000/12160000_20251014164646_500.jpg/melon/resize/120/quality/80/optimize,GoodGoodbye,GoodGoodbye,113431,2026-03-04T11:08:29.000Z,2026-03-04T13:01:49.000Z
600299706,GN0100,https://cdnimg.melon.co.kr/cm2/album/images/121/63/032/12163032_20251015164500_500.jpg/melon/resize/120/quality/80/optimize,타임캡슐,타임캡슐,62454,2026-03-04T11:08:29.000Z,2026-03-04T13:01:49.000Z
600318353,댄스,https://cdnimg.melon.co.kr/cm2/album/images/121/67/414/12167414_20251020102249_500.jpg/melon/resize/120/quality/80/optimize,HollywoodAction,TheAction,57934,2026-03-04T17:30:26.000Z,2026-03-04T17:40:03.000Z
600320356,댄스,https://cdnimg.melon.co.kr/cm2/album/images/121/31/538/12131538_20251020145034_500.jpg/melon/resize/120/quality/80/optimize,FOCUS,FOCUS-The1stMiniAlbum,38014,2026-03-04T17:30:26.000Z,2026-03-04T17:40:03.000Z
600354699,댄스,https://cdnimg.melon.co.kr/cm2/album/images/121/75/901/12175901_20251024094040_500.jpg/melon/resize/120/quality/80/optimize,SPAGHETTI(feat.j-hopeofBTS),SPAGHETTI,48007,2026-03-04T17:30:26.000Z,2026-03-04T17:30:26.000Z
600359330,GN0100,https://cdnimg.melon.co.kr/cm2/album/images/121/76/812/12176812_20251024184132_500.jpg/melon/resize/120/quality/80/optimize,달리표현할수없어요,달리표현할수없어요,37760,2026-03-04T11:08:29.000Z,2026-03-04T13:01:49.000Z
600447153,GN0100,https://cdnimg.melon.co.kr/cm2/album/images/121/97/269/12197269_20251106160244_500.jpg/melon/resize/120/quality/80/optimize,나였으면,나였으면,19576,2026-03-04T11:08:29.000Z,2026-03-04T13:01:49.000Z
600453893,트로트,https://cdnimg.melon.co.kr/cm2/album/images/121/98/973/12198973_20251107143649_500.jpg/melon/resize/120/quality/80/optimize,얄미운사람,얄미운사랑OSTPart.2,4025,2026-03-04T12:28:38.000Z,2026-03-04T12:28:38.000Z
600467291,R&B/Soul,https://cdnimg.melon.co.kr/cm2/album/images/122/00/862/12200862_20251110101649_500.jpg/melon/resize/120/quality/80/optimize,BBUU!,PLBBUU,34229,2026-03-04T17:30:44.000Z,2026-03-04T17:30:44.000Z
600493407,GN0100,https://cdnimg.melon.co.kr/cm2/album/images/122/07/729/12207729_20251112172211_500.jpg/melon/resize/120/quality/80/optimize,그래늦지않았어(2025),그래늦지않았어(2025),13979,2026-03-04T11:08:29.000Z,2026-03-04T13:01:49.000Z
600513208,댄스,https://cdnimg.melon.co.kr/cm2/album/images/123/92/184/12392184_20251208133705_500.jpg/melon/resize/120/quality/80/optimize,ONEMORETIME,ALLDAYPROJECT,58530,2026-03-04T17:30:26.000Z,2026-03-04T17:40:03.000Z
600551548,댄스,https://cdnimg.melon.co.kr/cm2/album/images/124/02/595/12402595_20251121154956_500.jpg/melon/resize/120/quality/80/optimize,NOTCUTEANYMORE,NOTCUTEANYMORE,43566,2026-03-04T17:30:26.000Z,2026-03-04T17:40:03.000Z
600585711,랩/힙합,https://cdnimg.melon.co.kr/cm2/album/images/124/11/258/12411258_20251127104301_500.jpg/melon/resize/120/quality/80/optimize,KARMACOLLECTOR,KC3,6531,2026-03-04T11:05:16.000Z,2026-03-04T17:42:23.000Z
600604262,댄스,https://cdnimg.melon.co.kr/cm2/album/images/123/92/184/12392184_20251208133705_500.jpg/melon/resize/120/quality/80/optimize,LOOKATME,ALLDAYPROJECT,19879,2026-03-04T17:30:26.000Z,2026-03-04T17:30:26.000Z
600604301,랩/힙합,https://cdnimg.melon.co.kr/cm2/album/images/123/92/184/12392184_20251208133705_500.jpg/melon/resize/120/quality/80/optimize,WHEREYOUAT,ALLDAYPROJECT,12957,2026-03-04T11:05:16.000Z,2026-03-04T17:42:23.000Z
600607173,댄스,https://cdnimg.melon.co.kr/cm2/album/images/124/16/920/12416920_20251201175734_500.jpg/melon/resize/120/quality/80/optimize,하얀그리움,하얀그리움,37280,2026-03-04T17:30:26.000Z,2026-03-04T17:30:26.000Z
600637302,R&B/Soul,https://cdnimg.melon.co.kr/cm2/album/images/124/24/612/12424612_20251205121256_500.jpg/melon/resize/120/quality/80/optimize,BBUU!(ChristmasVer.),BBUU!(ChristmasVer.),20543,2026-03-04T17:30:44.000Z,2026-03-04T17:30:44.000Z
600668850,GN0100,https://cdnimg.melon.co.kr/cm2/album/images/124/32/731/12432731_20251210173953_500.jpg/melon/resize/120/quality/80/optimize,365일,"365일(오늘밤,세계에서이사랑이사라진다해도X이창섭)",13295,2026-03-04T11:08:29.000Z,2026-03-04T13:01:49.000Z
600727012,랩/힙합,https://cdnimg.melon.co.kr/cm2/album/images/124/46/979/12446979_20251218145542_500.jpg/melon/resize/120/quality/80/optimize,DUET,DUET,19717,2026-03-04T11:05:16.000Z,2026-03-04T17:52:14.000Z
600770112,트로트,https://cdnimg.melon.co.kr/cm2/album/images/124/54/144/12454144_20251223151549_500.jpg/melon/resize/120/quality/80/optimize,마지막연인,현역가왕3예선전마녀사냥PART1,893,2026-03-04T12:28:38.000Z,2026-03-04T12:28:38.000Z
600791036,트로트,https://cdnimg.melon.co.kr/cm2/album/images/124/58/319/12458319_20251226151549_500.jpg/melon/resize/120/quality/80/optimize,첫눈에반해버린사람아,첫눈에반해버린사람아,4032,2026-03-04T12:28:38.000Z,2026-03-04T12:28:38.000Z
600791038,GN0100,https://cdnimg.melon.co.kr/cm2/album/images/124/58/320/12458320_20251226151630_500.jpg/melon/resize/120/quality/80/optimize,이밤을빌려말해요,"이밤을빌려말해요(오늘밤,세계에서이사랑이사라진다해도XPLAVE)",22296,2026-03-04T11:08:29.000Z,2026-03-04T13:01:49.000Z
600796741,R&B/Soul,https://cdnimg.melon.co.kr/cm2/album/images/124/59/757/12459757_20251229151039_500.jpg/melon/resize/120/quality/80/optimize,Closetoyou,Closetoyou,10142,2026-03-04T17:30:44.000Z,2026-03-04T17:30:44.000Z
600822432,댄스,https://cdnimg.melon.co.kr/cm2/album/images/124/64/999/12464999_20260102175448_500.jpg/melon/resize/120/quality/80/optimize,LoveMeMore,RE:LOVE,12603,2026-03-04T17:30:26.000Z,2026-03-04T17:40:03.000Z
600831293,R&B/Soul,https://cdnimg.melon.co.kr/cm2/album/images/124/67/422/12467422_20260105200341_500.jpg/melon/resize/120/quality/80/optimize,아웅다웅(feat.TimeFeveR(타임피버)),LoveStory,4630,2026-03-04T17:30:44.000Z,2026-03-04T17:30:44.000Z
600839418,트로트,https://cdnimg.melon.co.kr/cm2/album/images/124/69/553/12469553_20260106165625_500.jpg/melon/resize/120/quality/80/optimize,나를살게하는사랑,현역가왕3본선1차전주홍글씨PART1,869,2026-03-04T12:28:38.000Z,2026-03-04T12:28:38.000Z
600844825,R&B/Soul,https://cdnimg.melon.co.kr/cm2/album/images/124/71/189/12471189_20260108174118_500.jpg/melon/resize/120/quality/80/optimize,LIE(2026ver.),LIE(2026ver.),7092,2026-03-04T17:30:44.000Z,2026-03-04T17:30:44.000Z
600884416,랩/힙합,https://cdnimg.melon.co.kr/cm2/album/images/124/49/287/12449287_20260113113717_500.jpg/melon/resize/120/quality/80/optimize,"Moonwalkin\"",SHOTCALLERS,10533,2026-03-04T11:05:16.000Z,2026-03-04T17:42:23.000Z
600906238,R&B/Soul,https://cdnimg.melon.co.kr/cm2/album/images/126/01/479/12601479_20260114163702_500.jpg/melon/resize/120/quality/80/optimize,Promise,이사랑통역되나요?(SoundtrackfromtheNetflixSeries),6737,2026-03-04T17:30:44.000Z,2026-03-04T17:30:44.000Z
600906246,GN0100,https://cdnimg.melon.co.kr/cm2/album/images/126/01/479/12601479_20260114163702_500.jpg/melon/resize/120/quality/80/optimize,Daydream,이사랑통역되나요?(SoundtrackfromtheNetflixSeries),13922,2026-03-04T11:08:29.000Z,2026-03-04T13:01:49.000Z
601013499,댄스,https://cdnimg.melon.co.kr/cm2/album/images/128/06/237/12806237_20260126145002_500.jpg/melon/resize/120/quality/80/optimize,404(NewEra),DeluluPack,46611,2026-03-04T17:30:26.000Z,2026-03-04T17:40:03.000Z
601066545,댄스,https://cdnimg.melon.co.kr/cm2/album/images/128/15/838/12815838_20260126161140_500.jpg/melon/resize/120/quality/80/optimize,Mono(Feat.skaiwater),Mono(Feat.skaiwater),14531,2026-03-04T17:30:26.000Z,2026-03-04T17:30:26.000Z
601140223,R&B/Soul,https://cdnimg.melon.co.kr/cm2/album/images/128/25/166/12825166_20260128175246_500.jpg/melon/resize/120/quality/80/optimize,안될사람,안될사람,6620,2026-03-04T17:30:44.000Z,2026-03-04T17:30:44.000Z
601210459,랩/힙합,https://cdnimg.melon.co.kr/cm2/album/images/128/37/742/12837742_20260203174530_500.jpg/melon/resize/120/quality/80/optimize,"YinandYang(FANXYCHILDVer.)(Feat.DEAN,PENOMECO)",YinandYang(FANXYCHILDVer.),6935,2026-03-04T11:05:16.000Z,2026-03-04T17:52:14.000Z
601237102,댄스,https://cdnimg.melon.co.kr/cm2/album/images/128/45/274/12845274_20260223113048_500.jpg/melon/resize/120/quality/80/optimize,BANGBANG,REVIVE+,45662,2026-03-04T17:30:26.000Z,2026-03-04T17:40:03.000Z
601254998,댄스,https://cdnimg.melon.co.kr/cm2/album/images/128/48/589/12848589_20260209102825_500.jpg/melon/resize/120/quality/80/optimize,다시만난오늘,다시만난오늘,18804,2026-03-04T17:30:26.000Z,2026-03-04T17:30:26.000Z
601273149,트로트,https://cdnimg.melon.co.kr/cm2/album/images/128/52/664/12852664_20260210173431_500.jpg/melon/resize/120/quality/80/optimize,독백,현역가왕3본선3차전2R팔자전쟁,1095,2026-03-04T12:28:38.000Z,2026-03-04T12:28:38.000Z
601273260,GN0100,https://cdnimg.melon.co.kr/cm2/album/images/128/52/685/12852685_20260210173932_500.jpg/melon/resize/120/quality/80/optimize,끝사랑,끝사랑,8558,2026-03-04T11:08:29.000Z,2026-03-04T13:01:49.000Z
601305562,트로트,https://cdnimg.melon.co.kr/cm2/album/images/128/61/958/12861958_20260213161134_500.jpg/melon/resize/120/quality/80/optimize,무(無),MASTERVOICE,3859,2026-03-04T12:28:38.000Z,2026-03-04T13:14:06.000Z
601305563,트로트,https://cdnimg.melon.co.kr/cm2/album/images/128/61/958/12861958_20260213161134_500.jpg/melon/resize/120/quality/80/optimize,기도,MASTERVOICE,3191,2026-03-04T12:28:38.000Z,2026-03-04T13:14:06.000Z
601305564,트로트,https://cdnimg.melon.co.kr/cm2/album/images/128/61/958/12861958_20260213161134_500.jpg/melon/resize/120/quality/80/optimize,아름다운인생이야기,MASTERVOICE,3134,2026-03-04T12:28:38.000Z,2026-03-04T13:14:06.000Z
601305566,트로트,https://cdnimg.melon.co.kr/cm2/album/images/128/61/958/12861958_20260213161134_500.jpg/melon/resize/120/quality/80/optimize,안녕이란슬픈말,MASTERVOICE,3172,2026-03-04T12:28:38.000Z,2026-03-04T13:14:06.000Z
601305567,트로트,https://cdnimg.melon.co.kr/cm2/album/images/128/61/958/12861958_20260213161134_500.jpg/melon/resize/120/quality/80/optimize,애간장,MASTERVOICE,3137,2026-03-04T12:28:38.000Z,2026-03-04T13:14:06.000Z
601305568,트로트,https://cdnimg.melon.co.kr/cm2/album/images/128/61/958/12861958_20260213161134_500.jpg/melon/resize/120/quality/80/optimize,만물트럭,MASTERVOICE,3073,2026-03-04T12:28:38.000Z,2026-03-04T13:14:06.000Z
601305569,트로트,https://cdnimg.melon.co.kr/cm2/album/images/128/61/958/12861958_20260213161134_500.jpg/melon/resize/120/quality/80/optimize,초대장,MASTERVOICE,3087,2026-03-04T12:28:38.000Z,2026-03-04T13:14:06.000Z
601332163,댄스,https://cdnimg.melon.co.kr/cm2/album/images/128/69/629/12869629_20260219143819_500.jpg/melon/resize/120/quality/80/optimize,RUDE!,RUDE!,27463,2026-03-04T17:30:26.000Z,2026-03-04T17:40:03.000Z
601356371,댄스,https://cdnimg.melon.co.kr/cm2/album/images/128/45/274/12845274_20260223113048_500.jpg/melon/resize/120/quality/80/optimize,BLACKHOLE,REVIVE+,25434,2026-03-04T17:30:26.000Z,2026-03-04T17:40:03.000Z
601356377,댄스,https://cdnimg.melon.co.kr/cm2/album/images/128/45/274/12845274_20260223113048_500.jpg/melon/resize/120/quality/80/optimize,Odd(GAEULSolo),REVIVE+,25125,2026-03-04T17:30:26.000Z,2026-03-04T17:40:03.000Z
601358454,GN0100,https://cdnimg.melon.co.kr/cm2/album/images/128/75/615/12875615_20260223154516_500.jpg/melon/resize/120/quality/80/optimize,미친사랑의노래,미친사랑의노래,2285,2026-03-04T11:08:29.000Z,2026-03-04T13:01:49.000Z
601375942,트로트,https://cdnimg.melon.co.kr/cm2/album/images/128/78/847/12878847_20260224154825_500.jpg/melon/resize/120/quality/80/optimize,시절인연,현역가왕3준결승2R뒤집기한판,391,2026-03-04T12:28:38.000Z,2026-03-04T13:14:06.000Z
601375944,트로트,https://cdnimg.melon.co.kr/cm2/album/images/128/78/847/12878847_20260224154825_500.jpg/melon/resize/120/quality/80/optimize,사랑참,현역가왕3준결승2R뒤집기한판,271,2026-03-04T12:28:38.000Z,2026-03-04T13:14:06.000Z
601379618,GN0100,https://cdnimg.melon.co.kr/cm2/album/images/128/79/655/12879655_20260224184739_500.jpg/melon/resize/120/quality/80/optimize,눈을감아도(2026),눈을감아도(2026),3565,2026-03-04T11:08:29.000Z,2026-03-04T13:01:49.000Z
601412016,댄스,https://cdnimg.melon.co.kr/cm2/album/images/128/87/758/12887758_20260227110539_500.jpg/melon/resize/120/quality/80/optimize,GO,DEADLINE,14662,2026-03-04T17:30:26.000Z,2026-03-04T17:40:03.000Z
601412017,랩/힙합,https://cdnimg.melon.co.kr/cm2/album/images/128/87/758/12887758_20260227110539_500.jpg/melon/resize/120/quality/80/optimize,19금Meandmy,DEADLINE,3549,2026-03-04T11:05:16.000Z,2026-03-04T17:52:14.000Z
601412018,랩/힙합,https://cdnimg.melon.co.kr/cm2/album/images/128/87/758/12887758_20260227110539_500.jpg/melon/resize/120/quality/80/optimize,Champion,DEADLINE,6486,2026-03-04T11:05:16.000Z,2026-03-04T17:52:14.000Z
601413190,랩/힙합,https://cdnimg.melon.co.kr/cm2/album/images/128/88/297/12888297_20260227144041_500.jpg/melon/resize/120/quality/80/optimize,ROBOT,ROBOT,2982,2026-03-04T11:05:16.000Z,2026-03-04T11:05:16.000Z
